"State","District","History","Latitude","Longitude"
"Assam","Hailakandi","17 May 2016","24.478972","92.682861"
"Assam","Hailakandi","18 May 2016","24.511306","92.693028"
"Assam","Hailakandi","18 May 2016","24.515944","92.540889"
"Assam","Cachar","02 April 2010","24.57025","92.685"
"Assam","Cachar","31 August 2016","24.645417","93.005361"
"Assam","Karimganj","18 May 2016","24.659389","92.497361"
"Assam","Hailakandi","02 June 2020","24.70656","92.65008"
"Assam","Karimganj","03 June 2010","24.710833","92.481167"
"Assam","Cachar","05 June 2020","24.72192","92.90381"
"Assam","Hailakandi","02 June 2020","24.73117","92.64739"
"Assam","Karimganj","02 June 2020","24.78002778","92.45372222"
"Assam","Hailakandi","02 June 2020","24.79489","92.55506"
"Assam","Cachar","02 June 2020","24.92097","93.07306"
"Assam","Dima Hasao","20 June 2010","25.121","92.915028"
"Assam","Dima Hasao","02 April 2010","25.124306","92.904278"
"Assam","Dima Hasao","16 June 2010","25.124583","92.989111"
"Assam","Dima Hasao","14 June 2018","25.146306","93.942167"
"Assam","Dima Hasao","14 June 2018","25.224278","93.222861"
"Assam","Dima Hasao","02 April 2010","25.229556","93.1556"
"Assam","Dima Hasao","14 June 2018","26.098167","91.881278"
"Assam","Dima Hasao","14 June 2018","26.11","94.76"
"Assam","Kamrup","24 August 2018","26.112667","91.853889"
"Assam","Kamrup (Metro)","13 June 2017","26.15428","91.79264"
"Assam","Kamrup (Metro)","13 June 2017","26.17672","91.76525"
"Assam","Kamrup (Metro)","13 June 2017","26.17756","91.76589"
"Assam","Kamrup (Metro)","16 June 2017","26.18842","91.85125"
"Assam","Kamrup (Metro)","04 July 2017","26.19081","91.84528"
"Assam","Kamrup","24 August 2018","26.195306","91.765639"
"Assam","Kamrup (Metro)","23 March 2011","26.19622","91.76336"
"Assam","Kamrup (Metro)","03 July 2017","26.20536","91.86497"
"Assam","Kamrup (Metro)","04 July 2017","26.37456","91.84561"
"Assam","Kamrup (Metro)","05 July 2024","26.11464","91.83886"
"Assam","Kamrup (Metro)","24 May 2024","26.19044","91.77502"
"Assam","Dima Hasao","15 May 2022","25.16736","93.00953"
"Assam","Dima Hasao","14 May 2022","25.16023","93.01084"
"Assam","Dima Hasao","14 May 2022","25.16579","93.00948"
"Assam","Dima Hasao","14 May 2022","25.15859","93.01292"
"Assam","Kamrup (Metro)","22 September 2014","26.13441667","91.74875"
"Assam","Kamrup (Metro)","23 September 2014","26.10711111","91.78916667"
"Assam","Dima Hasao","14 May 2022","25.15556","93.021583"
"Assam","Dima Hasao","15 May 2022","25.158138","93.024778"
"Assam","Dima Hasao (N.C. Hills)","22 May 2016","25.24194444","93.14319444"
"Assam","Dima Hasao (N.C. Hills)","22 May 2016","25.41733333","93.12908333"
"Assam","Dima Hasao","14 May 2022","25.16804","93.02503"
"Assam","Dima Hasao","14 May 2022","25.168083","93.024922"
"Assam","Dima Hasao (N.C. Hills)","22 May 2016","25.27480556","93.14555556"
"Assam","Dima Hasao (N.C. Hills)","22 May 2016","25.18955556","93.09641667"
"Assam","Kamrup (Metro)","22 June 2016","26.19552778","91.78055556"
"Assam","Dima Hasao","15 May 2022","25.17483","93.019861"
"Assam","Dima Hasao","13 May 2022","25.1568056","93.019722"
"Assam","Dima Hasao","14 May 2022","25.162667","93.009806"
"Assam","Dima Hasao (N.C. Hills)","17 May 2016","25.17986111","93.07077778"
"Assam","Dima Hasao (N.C. Hills)","17 May 2016","25.14677778","93.03097222"
"Assam","Dima Hasao","17 May 2016","25.15561111","93.02222222"
"Assam","Dima Hasao","22 May 2016","25.15658333","93.01961111"
"Assam","Dima Hasao (N.C. Hills)","27 May 2016","25.15713889","93.01719444"
"Assam","Dima Hasao (N.C. Hills)","22 May 2016","25.164","93.04019444"
"Assam","Dima Hasao (N.C. Hills)","17 May 2016","25.14872222","93.03191667"
"Assam","Dima Hasao (N.C. Hills)","17 May 2016","25.14525","93.02916667"
"Assam","Dima Hasao","22 May 2016","25.15572222","93.02277778"
"Assam","Dima Hasao (N.C. Hills)","22 May 2016","25.20552778","93.02013889"
"Assam","Kamrup (Metro)","24 May 2024","26.19052","91.77499"
"Assam","Dima Hasao","22 May 2016","25.15933333","93.017"
"Assam","Dima Hasao","22 May 2016","25.15736111","93.01608333"
"Assam","Dima Hasao (N.C. Hills)","22 May 2016","25.19669444","93.01858333"
"Assam","Dima Hasao (N.C. Hills)","22 May 2016","25.18844444","93.01966667"
"Assam","Dima Hasao","22 May 2016","25.17597222","93.02016667"
"Assam","Dima Hasao","22 May 2016","25.17505556","93.02041667"
"Assam","Dima Hasao","22 May 2016","25.17188889","93.02061111"
"Assam","Dima Hasao","22 May 2016","25.16563889","93.02544444"
"Assam","Dima Hasao","22 May 2016","25.16344444","93.02316667"
"Assam","Dima Hasao","22 May 2016","25.14586111","93.02419444"
"Assam","Dima Hasao","22 May 2016","25.14041667","93.02038889"
"Assam","Dima Hasao","22 May 2016","25.13961111","93.01955556"
"Assam","Dima Hasao","22 May 2016","25.17638889","93.11613889"
"Assam","Dima Hasao","22 May 2016","25.17691667","93.02655556"
"Assam","Dima Hasao","22 May 2016","25.17702778","93.02088889"
"Assam","Dima Hasao","22 May 2016","25.13447222","93.01897222"
"Assam","Kamrup (Metro)","16 June 2017","26.18841667","91.85125"
"Assam","Kamrup (Metro)","20 July 2016","26.19244444","91.76422222"
"Assam","Kamrup (Metro)","16 July 2019","26.15805556","91.71258333"
"Assam","Kamrup (Metro)","14 July 2016","26.1755","91.76175"
"Assam","Kamrup (Metro)","14 July 2016","26.19038889","91.80994444"
"Assam","Kamrup (Metro)","27 June 2014","26.18866667","91.76694444"
"Assam","Kamrup (Metro)","27 June 2014","26.19622222","91.76336111"
"Assam","Kamrup (Metro)","05 July 2024","26.11464","91.83886"
"Assam","Kamrup (Metro)","13 June 2017","26.17755556","91.76588889"
"Assam","Kamrup (Metro)","13 June 2017","26.15427778","91.79263889"
"Assam","Kamrup (Metro)","27 june 2014","26.15477778","91.77411111"
"Assam","Kamrup (Metro)","27 june 2014","26.17672222","91.78672222"
"Assam","Kamrup (Metro)","18 April 2016","26.1895","91.78716667"
"Assam","Dima Hasao (N.C. Hills)","20 May 2017","25.40586111","93.11097222"
"Assam","Kamrup","24 August 2018","26.11266667","91.85388889"
"Assam","Cachar","02 June 2020","24.92097","93.07306"
"Assam","Kamrup","31 August 2018","26.19530556","91.76563889"
"Assam","Kamrup (Metro)","28 June 2020","26.19330556","91.77725"
"Assam","Kamrup (Metro)","12 July 2020","26.09150556","91.87898611"
"Assam","Kamrup (Metro)","26 June 2020","26.21305556","91.6925"
"Assam","Dima Hasao","14 May 2022","25.17136","93.01102"
"Assam","Dima Hasao","16 May 2022","25.177416","93.00975"
"Assam","Dima Hasao","15 May 2022","25.18919","93.02118"
"Assam","Karimganj","10 May 2014","24.70619444","92.28997222"
"Assam","Dima Hasao","14 May 2022","25.17623","93.01326"
"Assam","Kamrup","31 May 2025","26.19113889","91.82961111"
"Assam","Kamrup","06 June 2025","26.158193","91.755807"
"Assam","Kamrup","04 June 2025","26.166185","91.7147"
"Assam","Kamrup","31 May 2025","26.17027","91.698"
"Assam","Dima Hasao","14 May 2022","25.117665","92.847709"
"Assam","Dima Hasao","14 May 2022","25.366255","92.823037"
"Arunachal Pradesh","Lower Subansiri","16 July 2016","27.193425","93.780983"
"Arunachal Pradesh","Lower Subansiri","17 July 2016","27.23995","93.806589"
"Arunachal Pradesh","Lower Subansiri","17 July 2016","27.246131","93.804711"
"Arunachal Pradesh","Lower Subansiri","17 July 2016","27.254756","93.801303"
"Arunachal Pradesh","Lower Subansiri","17 July 2016","27.294886","93.803328"
"Arunachal Pradesh","Lower Subansiri","17 July 2016","27.307072","93.806008"
"Arunachal Pradesh","Lower Subansiri","16 July 2016","27.339267","93.802581"
"Arunachal Pradesh","Tawang","22 April 2016","27.58741667","91.88694444"
"Manipur","Ukhrul","14 June 2018","22.873558","92.755953"
"Manipur","Chandel","7 Septemebr 2007","24.3225","94.23361"
"Manipur","Chandel","7 Septemebr 2007","24.34","94.22444"
"Manipur","Chandel","7 September 2007","24.40639","94.06583"
"Manipur","Tamenglong","10 June 2010","24.792333","93.658222"
"Manipur","Tengnoupal","2 August 2018","24.813306","93.243417"
"Manipur","Tamenglong","10 September 2007","24.81778","93.51583"
"Manipur","Tamenglong","1 July 2008","24.83278","93.46333"
"Manipur","Tamenglong","12 September 2007","24.84833","93.45917"
"Manipur","Tamenglong","19 June 2008","24.84833","93.45917"
"Manipur","Tamenglong","19 June 2008","24.90139","93.45389"
"Manipur","Noney","06 June 2018","24.9252","94.3371"
"Manipur","Tamenglong","22 June 2018","24.983806","93.497528"
"Manipur","Tamenglong","3 May 2018","24.985167","93.508306"
"Manipur","Tamenglong","24 August 2007","24.98611","93.50583"
"Manipur","Tamenglong","28 August 2007","24.99083","93.50583"
"Manipur","Tamenglong","28 August 2007","24.99083","93.50583"
"Manipur","Tamenglong","28 August 2007","24.99306","93.4975"
"Manipur","Senapati","09 September 2007","25.47217","94.15433"
"Manipur","Tamenglong","29 July 2024","24.979","93.496"
"Manipur","TAMENGLONG","31 May 2011","24.985","93.52113889"
"Manipur","TAMENGLONG","6 July 2011","24.79083333","93.72333333"
"Meghalaya","East Jaintia Hills","07 May 2018","25.09178","92.35469"
"Meghalaya","East Khasi Hills","04 April 2022","25.296","91.932"
"Meghalaya","East Khasi Hills","29 June 2009","25.300389","91.726722"
"Meghalaya","South West Khasi Hills","6 August 2013","25.31458","91.45242"
"Meghalaya","East Khasi Hills","19 July 2007","25.315176","91.923021"
"Meghalaya","East Khasi Hills","19 July 2007","25.320833","91.9275"
"Meghalaya","West Khasi Hills","18 August 2007","25.4013","91.45855"
"Meghalaya","South Garo hills","18 August 2007","25.403061","90.724166"
"Meghalaya","East Khasi Hills","18 August 2007","25.407917","91.998889"
"Meghalaya","West Khasi Hills","18 August 2007","25.425","91.405"
"Meghalaya","Jaintia Hills","17 July 2009","25.43561","91.862056"
"Meghalaya","West Khasi Hills","25 July 2007","25.50335","91.28335"
"Meghalaya","East Khasi Hills","19 July 2007","25.50368056","91.72342222"
"Meghalaya","West Khasi Hills","19 July 2007","25.50667","91.28318"
"Meghalaya","West Khasi Hills","25 July 2007","25.51973","91.28443"
"Meghalaya","East Khasi Hills","1 July 2009","25.54261","92.10867"
"Meghalaya","Jaintia Hills","1 July 2009","25.54261","92.09842"
"Meghalaya","East Khasi Hills","1 July 2009","25.54264","92.10214"
"Meghalaya","East Khasi Hills","1 July 2009","25.54328","92.10478"
"Meghalaya","East Khasi Hills","08 September 2007","25.56667","91.90194"
"Meghalaya","East Khasi Hills","23 September 2014","25.57822","91.86545"
"Meghalaya","Ri-Bhoi","17 June 2017","25.663444","91.915944"
"Meghalaya","West Khasi Hills","15 September 2007","25.68625","91.118358"
"Meghalaya","West Khasi Hills","15 September 2007","25.687056","91.6485"
"Meghalaya","West Khasi Hills","15 September 2007","25.69483","91.11836"
"Meghalaya","East Khasi Hills","15 September 2007","25.695552","91.903777"
"Meghalaya","Ri-Bhoi","23 September 2014","26.00294","91.86692"
"Meghalaya","Ri-Bhoi","20 September 2014","26.02547","91.87158"
"Meghalaya","South West Khasi Hills","15 June 2024","25.29967","91.46108"
"Meghalaya","South West Khasi Hills","17 June 2024","25.29739","91.46201"
"Meghalaya","East Khasi Hills","30 May 2025","25.422278","91.867694"
"Meghalaya","East Khasi Hills","30 May 2025","25.43480556","91.85952778"
"Meghalaya","East Khasi Hills","30 May 2025","25.48716667","91.81936111"
"Meghalaya","East Khasi Hills","31 May 2025","25.366201","91.767213"
"Meghalaya","East Khasi Hills","31 May 2025","25.355042","91.767525"
"Meghalaya","East Khasi Hills","31 May 2025","25.340415","91.774142"
"Meghalaya","East Khasi Hills","7 July 2019","25.281","91.57330556"
"Meghalaya","East Khasi Hills","27 June 2019","25.23211111","91.37252778"
"Meghalaya","East Khasi Hills","27 June 2019","25.22194444","91.38422222"
"Meghalaya","East Khasi Hills","27 June 2019","25.18688889","91.39855556"
"Meghalaya","West Jaintia Hills","26 May 2020","25.44233333","92.19447222"
"Meghalaya","West Jaintia Hills","26 May 2020","25.44177778","92.19558333"
"Meghalaya","West Jaintia Hills","26 May 2020","25.43505556","92.19836111"
"Meghalaya","West Jaintia Hills","26 May 2020","25.45075","92.19452778"
"Meghalaya","South Garo Hills","17 June 2022","25.21022222","90.63220278"
"Meghalaya","East Khasi Hills","13 April 2023","25.365263","91.878497"
"Meghalaya","West Jaintia Hills","10 August 2023","25.41955556","92.16194444"
"Meghalaya","West Khasi Hills","02 July 2024","25.540056","91.314142"
"Meghalaya","Ri-Bhoi","30 June 2024","25.67517222","91.8983"
"Meghalaya","Ri-Bhoi","30 May 2025","25.67761389","91.89865833"
"Meghalaya","Eastern-West Khasi Hill","02 July 2025","25.49551944","91.49585278"
"Meghalaya","South West Khasi Hills","30 May 2025","25.28247222","91.36413333"
"Meghalaya","South West Khasi Hills","30 May 2025","25.28090556","91.36584722"
"Meghalaya","Ri-Bhoi","30 June 2024","25.68255833","91.90111389"
"Meghalaya","Eastern-West Khasi Hill","30 May 2025","25.69517778","91.64123611"
"Meghalaya","Eastern-West Khasi Hill","25 June 2025","25.69688611","91.64176667"
"Meghalaya","Eastern-West Khasi Hill","08 October 2024","25.70087778","91.642902"
"Meghalaya","Eastern-West Khasi Hill","30 May 2025","25.69523333","91.64426944"
"Meghalaya","Eastern-West Khasi Hill","30 May 2025","25.69463611","91.64577778"
"Meghalaya","Eastern-West Khasi Hill","28 May 2025","25.68698889","91.64812222"
"Meghalaya","Eastern-West Khasi Hill","28 May 2025","25.68690556","91.64915278"
"Mizoram","Aizawl","08 Septemebr 2007","23.750722","92.744"
"Mizoram","Aizawl","8 September 2007","23.751694","92.731528"
"Mizoram","Aizawl","28 May 2024","23.73888889","92.69638889"
"Mizoram","Aizawl","28 May 2024","23.73947222","92.69666667"
"Mizoram","Aizawl","28 May 2024","23.74027778","92.69722222"
"Mizoram","Aizawl","28 May 2024","23.74066667","92.69336111"
"Mizoram","Aizawl","28 May 2024","23.7385748","92.6941941"
"Mizoram","Aizawl","28 May 2024","23.74472222","92.69277778"
"Mizoram","Aizawl","28 May 2024","23.74116667","92.69455556"
"Mizoram","Aizawl","28 May 2024","23.7375","92.69444444"
"Mizoram","Aizawl","28 May 2024","23.72669444","92.69519444"
"Mizoram","Aizawl","28 May 2024","23.73361111","92.69388889"
"Mizoram","Aizawl","28 May 2024","23.73472222","92.695"
"Mizoram","Aizawl","28 May 2024","23.73305556","92.69944444"
"Mizoram","Aizawl","28 May 2024","23.74972222","92.69833333"
"Mizoram","Aizawl","28 May 2024","23.73111111","92.70222222"
"Mizoram","Aizawl","28 May 2024","23.73111111","92.70388889"
"Mizoram","Aizawl","28 May 2024","23.73333333","92.70527778"
"Mizoram","Aizawl","28 May 2024","23.73583333","92.69777778"
"Mizoram","Aizawl","28 May 2024","23.73132778","92.70821944"
"Mizoram","Aizawl","28 May 2024","23.72428333","92.70737778"
"Mizoram","Aizawl","28 May 2024","23.72276944","92.70665"
"Mizoram","Aizawl","28 May 2024","23.71446389","92.71146389"
"Mizoram","Aizawl","28 May 2024","23.71581111","92.70935"
"Mizoram","Aizawl","28 May 2024","23.71595","92.70879444"
"Mizoram","Aizawl","28 May 2024","23.7175","92.70666667"
"Mizoram","Aizawl","28 May 2024","23.71740833","92.70644167"
"Mizoram","Aizawl","28 May 2024","23.71735556","92.70753333"
"Mizoram","Aizawl","28 May 2024","23.71721667","92.70777778"
"Mizoram","Aizawl","28 May 2024","23.71697222","92.70817222"
"Mizoram","Aizawl","28 May 2024","23.71305556","92.70895833"
"Mizoram","Aizawl","28 May 2024","23.71523056","92.71529167"
"Mizoram","Aizawl","28 May 2024","23.74","92.715"
"Mizoram","Aizawl","28 May 2024","23.73944444","92.71472222"
"Mizoram","Aizawl","28 May 2024","23.71138889","92.72444444"
"Mizoram","Aizawl","28 May 2024","23.71638889","92.72111111"
"Mizoram","Aizawl","28 May 2024","23.71444444","92.72861111"
"Mizoram","Aizawl","28 May 2024","23.71571389","92.72659722"
"Mizoram","Aizawl","28 May 2024","23.7104","92.72237778"
"Mizoram","Aizawl","28 May 2024","23.71865833","92.72335278"
"Mizoram","Aizawl","19 September 2023","23.7175","92.71972222"
"Mizoram","Aizawl","28 May 2024","23.71","92.71611111"
"Mizoram","Aizawl","28 May 2024","23.70666667","92.71444444"
"Mizoram","Aizawl","28 May 2024","23.70527778","92.71138889"
"Mizoram","Aizawl","28 May 2024","23.70416667","92.71222222"
"Mizoram","Aizawl","28 May 2024","23.70027778","92.71611111"
"Mizoram","Aizawl","28 May 2024","23.69972222","92.71694444"
"Mizoram","Aizawl","28 May 2024","23.68027778","92.72472222"
"Mizoram","Aizawl","28 May 2024","23.67805556","92.72"
"Mizoram","Aizawl","28 May 2024","23.64333333","92.73444444"
"Mizoram","Aizawl","02 October 2023","23.64638889","92.72638889"
"Mizoram","Aizawl","28 May 2024","23.64638889","92.72527778"
"Mizoram","Aizawl","28 May 2024","23.63111111","92.72388889"
"Mizoram","Aizawl","28 May 2024","23.63055556","92.72305556"
"Mizoram","Aizawl","28 May 2024","23.62833333","92.72333333"
"Mizoram","Aizawl","28 May 2024","23.62277778","92.72444444"
"Mizoram","Aizawl","28 May 2024","23.62194444","92.72305556"
"Mizoram","Aizawl","28 May 2024","23.62083333","92.7225"
"Mizoram","Aizawl","28 May 2024","23.61916667","92.7225"
"Mizoram","Aizawl","28 May 2024","23.62","92.72472222"
"Mizoram","Aizawl","28 May 2024","23.61972222","92.72527778"
"Mizoram","Aizawl","28 May 2024","23.62027778","92.72555556"
"Mizoram","Aizawl","28 May 2024","23.62027778","92.72611111"
"Mizoram","Aizawl","28 May 2024","23.62111111","92.72444444"
"Mizoram","Aizawl","28 May 2024","23.68743333","92.72129167"
"Mizoram","Aizawl","28 May 2024","23.67694444","92.71722222"
"Mizoram","Aizawl","28 May 2024","23.67583333","92.715"
"Mizoram","Aizawl","28 May 2024","23.67472222","92.71722222"
"Mizoram","Aizawl","28 May 2024","23.67444444","92.71472222"
"Mizoram","Aizawl","28 May 2024","23.67388889","92.71472222"
"Mizoram","Aizawl","28 May 2024","23.672069","92.7099293"
"Mizoram","Aizawl","28 May 2024","23.684301","92.715511"
"Mizoram","Aizawl","28 May 2024","23.70638889","92.72055556"
"Mizoram","Aizawl","28 May 2024","23.70416667","92.72"
"Mizoram","Aizawl","28 May 2024","23.70305556","92.72055556"
"Mizoram","Aizawl","28 May 2024","23.69333333","92.72055556"
"Mizoram","Aizawl","28 May 2024","23.69","92.72361111"
"Mizoram","Aizawl","28 May 2024","23.68361111","92.72277778"
"Mizoram","Aizawl","28 May 2024","23.67611111","92.71972222"
"Mizoram","Aizawl","28 May 2024","23.67138889","92.72361111"
"Mizoram","Aizawl","28 May 2024","23.66694444","92.72194444"
"Mizoram","Aizawl","28 May 2024","23.66666667","92.72388889"
"Mizoram","Aizawl","28 May 2024","23.66027778","92.72694444"
"Mizoram","Aizawl","28 May 2024","23.64388889","92.72583333"
"Mizoram","Aizawl","28 May 2024","23.635","92.72361111"
"Mizoram","Aizawl","28 May 2024","23.43277778","92.76111111"
"Mizoram","Aizawl","28 May 2024","23.46777778","92.74111111"
"Mizoram","Aizawl","28 May 2024","23.46805556","92.71638889"
"Mizoram","Aizawl","28 May 2024","23.4725","92.71444444"
"Mizoram","Aizawl","28 May 2024","23.49","92.70555556"
"Mizoram","Aizawl","28 May 2024","23.49722222","92.70333333"
"Mizoram","Aizawl","28 May 2024","23.51361111","92.69833333"
"Mizoram","Aizawl","28 May 2024","23.53666667","92.6975"
"Mizoram","Aizawl","28 May 2024","23.54166667","92.70194444"
"Mizoram","Aizawl","28 May 2024","23.54277778","92.70333333"
"Mizoram","Aizawl","28 May 2024","23.52944444","92.72944444"
"Mizoram","Aizawl","28 May 2024","23.53083333","92.73055556"
"Mizoram","Aizawl","28 May 2024","23.53111111","92.73361111"
"Mizoram","Aizawl","28 May 2024","23.53083333","92.73333333"
"Mizoram","Aizawl","28 May 2024","23.56388889","92.70805556"
"Mizoram","Aizawl","28 May 2024","23.56416667","92.70805556"
"Mizoram","Aizawl","28 May 2024","23.565","92.70777778"
"Mizoram","Aizawl","28 May 2024","23.56666667","92.70888889"
"Mizoram","Aizawl","28 May 2024","23.77305556","92.74361111"
"Mizoram","Aizawl","28 May 2024","23.77472222","92.76194444"
"Mizoram","Aizawl","28 May 2024","23.77361111","92.76111111"
"Mizoram","Aizawl","28 May 2024","23.74861111","92.73861111"
"Mizoram","Aizawl","28 May 2024","23.61","92.72083333"
"Mizoram","Aizawl","28 May 2024","23.60666667","92.72305556"
"Mizoram","Aizawl","28 May 2024","23.5925","92.71666667"
"Mizoram","Aizawl","28 May 2024","23.58722222","92.71361111"
"Mizoram","Aizawl","28 May 2024","23.57694444","92.71305556"
"Mizoram","Aizawl","28 May 2024","23.58027778","92.715"
"Mizoram","Aizawl","28 May 2024","23.58138889","92.71416667"
"Mizoram","Aizawl","28 May 2024","23.58694444","92.7175"
"Mizoram","Aizawl","28 May 2024","23.58555556","92.71583333"
"Mizoram","Aizawl","28 May 2024","23.58583333","92.71638889"
"Mizoram","Aizawl","28 May 2024","23.58638889","92.71583333"
"Mizoram","Aizawl","28 May 2024","23.65388889","92.72444444"
"Mizoram","Aizawl","28 May 2024","23.65416667","92.71777778"
"Mizoram","Aizawl","28 May 2024","23.655","92.71444444"
"Mizoram","Aizawl","28 May 2024","23.65416667","92.69"
"Mizoram","Aizawl","28 May 2024","23.66055556","92.67277778"
"Mizoram","Aizawl","28 May 2024","23.66083333","92.67277778"
"Mizoram","Aizawl","28 May 2024","23.65777778","92.67444444"
"Mizoram","Aizawl","28 May 2024","23.65861111","92.70583333"
"Mizoram","Aizawl","28 May 2024","23.68143611","92.72144167"
"Mizoram","Aizawl","28 May 2024","23.73555556","92.78833333"
"Mizoram","Aizawl","28 May 2024","23.72694444","92.79527778"
"Mizoram","Aizawl","28 May 2024","23.73277778","92.79722222"
"Mizoram","Aizawl","28 May 2024","23.73416667","92.79861111"
"Mizoram","Aizawl","28 May 2024","23.74555556","92.79444444"
"Mizoram","Aizawl","28 May 2024","23.73638889","92.79805556"
"Mizoram","Aizawl","28 May 2024","23.73583333","92.79888889"
"Mizoram","Aizawl","28 May 2024","23.73638889","92.8"
"Mizoram","Aizawl","28 May 2024","23.73555556","92.80027778"
"Mizoram","Aizawl","28 May 2024","23.71972222","92.79777778"
"Mizoram","Aizawl","28 May 2024","23.72222222","92.80138889"
"Mizoram","Aizawl","28 May 2024","23.73305556","92.84777778"
"Mizoram","Aizawl","28 May 2024","23.76083333","92.8475"
"Mizoram","Aizawl","28 May 2024","23.86972222","92.87611111"
"Mizoram","Aizawl","28 May 2024","23.80750556","92.83417222"
"Mizoram","Serchhip","28 May 2024","23.47694444","92.857846"
"Mizoram","Serchhip","28 May 2024","23.471041","92.85503"
"Mizoram","Serchhip","28 May 2024","23.465558","92.855991"
"Mizoram","Serchhip","28 May 2024","23.463164","92.854672"
"Mizoram","Serchhip","28 May 2024","23.31259","92.856415"
"Mizoram","Serchhip","28 May 2024","23.288812","92.864763"
"Mizoram","Serchhip","28 May 2024","23.281264","92.869279"
"Mizoram","Serchhip","28 May 2024","23.38151","92.844938"
"Mizoram","Serchhip","28 May 2024","23.382175","92.843876"
"Mizoram","Serchhip","28 May 2024","23.382772","92.845187"
"Mizoram","Serchhip","28 May 2024","23.387941","92.842291"
"Mizoram","Serchhip","28 May 2024","23.237077","92.910043"
"Mizoram","Serchhip","28 May 2024","23.126631","93.064946"
"Mizoram","Aizawl","13 August 2023","23.51980556","92.70066667"
"Mizoram","Aizawl","24 July 2023","24.27138889","92.96"
"Mizoram","Aizawl","15 August 2013","24.18561111","92.94536111"
"Mizoram","Aizawl","9 June 2023","23.57166667","92.71083333"
"Mizoram","Aizawl","8 August 2023","23.58388889","92.71722222"
"Mizoram","Aizawl","25 July 2023","23.58591667","92.71777778"
"Mizoram","Aizawl","06 July 2023","23.55944444","92.70833333"
"Mizoram","Aizawl","06 August 2023","23.54380556","92.70136111"
"Mizoram","Aizawl","06 August 2023","23.54027778","92.70138889"
"Mizoram","Aizawl","06 August 2023","23.53986111","92.70063889"
"Mizoram","Aizawl","28 July 2023","23.535","92.69694444"
"Mizoram","Aizawl","2 August 2023","23.53333333","92.69722222"
"Mizoram","Aizawl","3 August 2023","23.52972222","92.69611111"
"Mizoram","Aizawl","2 June 2023","23.49991667","92.70136111"
"Mizoram","Aizawl","09 August 2023","23.5","92.70111111"
"Mizoram","Aizawl","25 October 2023","23.78138889","92.67638889"
"Mizoram","Kolasib","17 September 2023","23.93027778","92.6525"
"Mizoram","Kolasib","12 August 2023","23.05805556","92.67583333"
"Mizoram","Kolasib","12 September 2023","23.05222222","92.67027778"
"Mizoram","Kolasib","12 September 2023","23.03016667","92.67336111"
"Mizoram","Kolasib","17 September 2023","23.02280556","92.67255556"
"Mizoram","Kolasib","23 July 2023","23.00638889","92.67691667"
"Mizoram","Kolasib","27 September 2023","23.91777778","92.73805556"
"Mizoram","Kolasib","27 September 2023","23.89638889","92.73638889"
"Mizoram","Aizawl","28 May 2024","23.60861111","92.85055556"
"Mizoram","Aizawl","22 July 2024","23.73305556","92.75"
"Mizoram","Aizawl","28 May 2024","23.73222222","92.75"
"Mizoram","Aizawl","28 May 2024","23.73194444","92.75"
"Mizoram","Aizawl","28 May 2024","23.74083333","92.74111111"
"Mizoram","Aizawl","30 June 2024","23.74916667","92.7375"
"Mizoram","Aizawl","28 May 2024","23.76972222","92.74472222"
"Mizoram","Aizawl","26 September 2024","23.76388889","92.73388889"
"Mizoram","Aizawl","21 August 2024","23.73888889","92.71472222"
"Mizoram","Aizawl","28 May 2024","23.74916667","92.69416667"
"Mizoram","Aizawl","21 August 2024","23.74194444","92.71305556"
"Mizoram","Aizawl","20 July 2024","23.74388889","92.71222222"
"Mizoram","Aizawl","2 July 2024","23.74722222","92.71805556"
"Mizoram","Aizawl","28 May 2024","23.69277778","92.72055556"
"Mizoram","Aizawl","20 September 2024","23.69777778","92.71944444"
"Mizoram","Aizawl","20 June 2024","23.69972222","92.7175"
"Mizoram","Aizawl","28 May 2024","23.70972222","92.72222222"
"Mizoram","Aizawl","28 May 2024","23.69944444","92.71972222"
"Mizoram","Aizawl","2 July 2024","23.70277778","92.72083333"
"Mizoram","Aizawl","2 July 2024","23.7025","92.72138889"
"Mizoram","Aizawl","2 July 2024","23.69805556","92.72277778"
"Mizoram","Aizawl","28 June 2024","23.69361111","92.7225"
"Mizoram","Aizawl","28 May 2024","23.66416667","92.72055556"
"Mizoram","Aizawl","28 May 2024","23.66055556","92.72527778"
"Mizoram","Aizawl","28 May 2024","23.66","92.72638889"
"Mizoram","Aizawl","28 May 2024","23.65527778","92.72694444"
"Mizoram","Aizawl","28 May 2024","23.65138889","92.72694444"
"Mizoram","Aizawl","28 May 2024","23.64555556","92.72444444"
"Mizoram","Aizawl","28 May 2024","23.64444444","92.72527778"
"Mizoram","Aizawl","28 May 2024","23.64166667","92.72416667"
"Mizoram","Aizawl","28 May 2024","23.64083333","92.72472222"
"Mizoram","Aizawl","28 May 2024","23.6375","92.72277778"
"Mizoram","Aizawl","28 May 2024","23.62611111","92.72638889"
"Mizoram","Aizawl","28 May 2024","23.6325","92.72388889"
"Mizoram","Aizawl","28 May 2024","23.62972222","92.72555556"
"Mizoram","Aizawl","19 Jul 2024","23.66166667","92.72416667"
"Mizoram","Aizawl","28 May 2024","23.61611111","92.71722222"
"Mizoram","Aizawl","28 May 2024","23.61861111","92.72611111"
"Mizoram","Aizawl","28 May 2024","23.60555556","92.725"
"Mizoram","Aizawl","25 August 2024","23.58694444","92.8175"
"Mizoram","Aizawl","28 May 2024","23.59194444","92.75055556"
"Mizoram","Aizawl","28 May 2024","23.595","92.81611111"
"Mizoram","Aizawl","28 May 2024","23.60861111","92.80972222"
"Mizoram","Aizawl","28 May 2024","23.60972222","92.80916667"
"Mizoram","Aizawl","28 May 2024","23.61361111","92.80777778"
"Mizoram","Aizawl","28 May 2024","23.61222222","92.80527778"
"Mizoram","Aizawl","28 May 2024","23.61138889","92.80333333"
"Mizoram","Aizawl","2 July 2024","23.60972222","92.79972222"
"Mizoram","Aizawl","28 May 2024","23.61611111","92.79777778"
"Mizoram","Aizawl","28 May 2024","23.61472222","92.79583333"
"Mizoram","Aizawl","28 May 2024","23.615","92.79222222"
"Mizoram","Aizawl","23 September 2023","23.61583333","92.79111111"
"Mizoram","Aizawl","28 May 2024","23.61861111","92.79"
"Mizoram","Aizawl","28 May 2024","23.62333333","92.78888889"
"Mizoram","Aizawl","28 August 2024","23.62361111","92.78888889"
"Mizoram","Aizawl","28 May 2024","23.62527778","92.78638889"
"Mizoram","Aizawl","26 May 2024","23.60111111","92.75888889"
"Mizoram","Aizawl","28 May 2024","23.59527778","92.71722222"
"Mizoram","Aizawl","28 May 2024","23.59055556","92.71611111"
"Mizoram","Aizawl","28 May 2024","23.59027778","92.71583333"
"Mizoram","Aizawl","28 May 2024","23.57138889","92.70972222"
"Mizoram","Aizawl","28 May 2024","23.57055556","92.70888889"
"Mizoram","Aizawl","28 May 2024","23.57027778","92.70722222"
"Mizoram","Aizawl","28 May 2024","23.55388889","92.70472222"
"Mizoram","Aizawl","28 May 2024","23.55444444","92.70527778"
"Mizoram","Aizawl","25 August 2024","23.5625","92.70777778"
"Mizoram","Aizawl","19 July 2024","23.56555556","92.7075"
"Mizoram","Aizawl","28 May 2024","23.55","92.70444444"
"Mizoram","Aizawl","28 May 2024","23.53222222","92.735"
"Mizoram","Aizawl","28 May 2024","23.53555556","92.72333333"
"Mizoram","Aizawl","29 May 2024","23.53805556","92.71861111"
"Mizoram","Aizawl","28 May 2024","23.54833333","92.71083333"
"Mizoram","Aizawl","28 May 2024","23.54888889","92.70555556"
"Mizoram","Aizawl","28 May 2024","23.545","92.70333333"
"Mizoram","Aizawl","28 May 2024","23.54027778","92.70138889"
"Mizoram","Aizawl","28 May 2024","23.53694444","92.6975"
"Mizoram","Aizawl","28 May 2024","23.53611111","92.69777778"
"Mizoram","Aizawl","28 May 2024","23.53555556","92.69694444"
"Mizoram","Aizawl","28 May 2024","23.53027778","92.69666667"
"Mizoram","Aizawl","28 May 2024","23.52861111","92.6975"
"Mizoram","Aizawl","28 May 2024","23.52777778","92.69861111"
"Mizoram","Aizawl","28 May 2024","23.52277778","92.70277778"
"Mizoram","Aizawl","25 September 2024","23.51944444","92.70055556"
"Mizoram","Aizawl","28 May 2024","23.51444444","92.69805556"
"Mizoram","Aizawl","28 May 2024","23.51055556","92.69972222"
"Mizoram","Aizawl","28 May 2024","23.50861111","92.69805556"
"Mizoram","Aizawl","28 May 2024","23.50694444","92.69638889"
"Mizoram","Aizawl","28 May 2024","23.50527778","92.6975"
"Mizoram","Aizawl","28 May 2024","23.55027778","92.70444444"
"Mizoram","Aizawl","28 May 2024","23.54305556","92.70055556"
"Mizoram","Aizawl","28 May 2024","23.53972222","92.69944444"
"Mizoram","Aizawl","28 May 2024","23.53777778","92.69833333"
"Mizoram","Aizawl","23 Sepember 2024","23.53805556","92.69388889"
"Mizoram","Aizawl","28 May 2024","23.54277778","92.67638889"
"Mizoram","Aizawl","28 May 2024","23.54277778","92.67472222"
"Mizoram","Aizawl","28 May 2024","23.54333333","92.66472222"
"Mizoram","Aizawl","12 August 2023","23.54166667","92.66472222"
"Mizoram","Aizawl","28 May 2024","23.53944444","92.66527778"
"Mizoram","Aizawl","28 May 2024","23.53888889","92.6625"
"Mizoram","Aizawl","28 May 2024","23.53944444","92.65888889"
"Mizoram","Aizawl","28 May 2024","23.53611111","92.65527778"
"Mizoram","Aizawl","20 September 2024","23.52694444","92.65444444"
"Mizoram","Aizawl","2 June 2024","23.52583333","92.63861111"
"Mizoram","Aizawl","28 May 2024","23.45083333","92.6825"
"Mizoram","Aizawl","28 May 2024","23.44805556","92.68333333"
"Mizoram","Aizawl","28 May 2024","23.44333333","92.68527778"
"Mizoram","Aizawl","28 May 2024","23.42722222","92.71277778"
"Mizoram","Aizawl","28 May 2024","23.41694444","92.71805556"
"Mizoram","Aizawl","28 May 2024","23.41","92.74944444"
"Mizoram","Aizawl","28 May 2024","23.37972222","92.75166667"
"Mizoram","Aizawl","28 May 2024","23.35694444","92.77027778"
"Mizoram","Aizawl","28 May 2024","23.35638889","92.77027778"
"Mizoram","Aizawl","28 May 2024","23.39166667","92.75527778"
"Mizoram","Aizawl","28 May 2024","23.43194444","92.76083333"
"Mizoram","Aizawl","28 May 2024","23.44138889","92.77888889"
"Mizoram","Aizawl","28 May 2024","23.48555556","92.70305556"
"Mizoram","Aizawl","28 May 2024","23.49083333","92.70555556"
"Mizoram","Aizawl","28 May 2024","23.49861111","92.70388889"
"Mizoram","Aizawl","12 November 2024","23.66194444","92.85416667"
"Mizoram","Aizawl","28 May 2024","23.68277778","92.8575"
"Mizoram","Aizawl","28 May 2024","23.68305556","92.8575"
"Mizoram","Aizawl","2 July 2024","23.71388889","92.85722222"
"Mizoram","Aizawl","28 May 2024","23.68638889","92.85833333"
"Mizoram","Aizawl","28 May 2024","23.69472222","92.85972222"
"Mizoram","Aizawl","28 May 2024","23.71416667","92.85805556"
"Mizoram","Aizawl","28 May 2024","23.72722222","92.85472222"
"Mizoram","Aizawl","28 May 2024","23.72972222","92.85305556"
"Mizoram","Aizawl","28 May 2024","23.73111111","92.84638889"
"Mizoram","Aizawl","28 May 2024","23.73361111","92.84305556"
"Mizoram","Aizawl","28 May 2024","23.73833333","92.81333333"
"Mizoram","Aizawl","2 July 2024","23.73694444","92.81361111"
"Mizoram","Aizawl","28 May 2024","23.73472222","92.81333333"
"Mizoram","Aizawl","28 May 2024","23.73","92.75833333"
"Mizoram","Aizawl","28 May 2024","23.73055556","92.75861111"
"Mizoram","Aizawl","2 July 2024","23.72916667","92.76583333"
"Mizoram","Aizawl","28 August 2024","23.73027778","92.76861111"
"Mizoram","Aizawl","2 July 2024","23.73222222","92.76555556"
"Mizoram","Aizawl","2 July 2024","23.73794444","92.78613889"
"Mizoram","Aizawl","2 July 2024","23.7375","92.78805556"
"Mizoram","Aizawl","2 July 2024","23.73388889","92.79388889"
"Mizoram","Aizawl","28 May 2024","23.72222222","92.79861111"
"Mizoram","Aizawl","2 July 2024","23.72138889","92.79944444"
"Mizoram","Aizawl","2 July 2024","23.72138889","92.85777778"
"Mizoram","Aizawl","2 July 2024","23.72083333","92.86472222"
"Mizoram","Aizawl","2 July 2024","23.71166667","92.87833333"
"Mizoram","Aizawl","28 June 2024","23.71111111","92.87861111"
"Mizoram","Aizawl","18 July 2024","23.70333333","92.87638889"
"Mizoram","Aizawl","7 June 2024","23.73361111","92.84833333"
"Mizoram","Aizawl","28 August 2024","23.73361111","92.85305556"
"Mizoram","Aizawl","2 July 2024","23.735","92.85666667"
"Mizoram","Aizawl","2 July 2024","23.73666667","92.85611111"
"Mizoram","Aizawl","28 May 2024","23.73583333","92.85194444"
"Mizoram","Aizawl","25 September 2024","23.74416667","92.85555556"
"Mizoram","Aizawl","25 September 2024","23.74361111","92.85416667"
"Mizoram","Aizawl","2 July 2024","23.76111111","92.84777778"
"Mizoram","Aizawl","2 July 2024","23.76166667","92.85083333"
"Mizoram","Aizawl","2 July 2024","23.76527778","92.85"
"Mizoram","Aizawl","2 July 2024","23.76861111","92.85138889"
"Mizoram","Aizawl","28 May 2024","23.77777778","92.8479"
"Mizoram","Aizawl","28 June 2024","23.774","92.848"
"Mizoram","Aizawl","28 May 2024","23.7775","92.84833333"
"Mizoram","Aizawl","28 May 2024","23.77833333","92.84666667"
"Mizoram","Aizawl","23 July 2023","23.77166667","92.84805556"
"Mizoram","Aizawl","28 May 2024","23.77361111","92.84944444"
"Mizoram","Aizawl","28 May 2024","23.82638889","92.8325"
"Mizoram","Aizawl","2 July 2024","23.83277778","92.8325"
"Mizoram","Aizawl","2 July 2024","23.83888889","92.83194444"
"Mizoram","Aizawl","28 May 2024","23.84777778","92.83694444"
"Mizoram","Aizawl","25 September 2024","23.85194444","92.83305556"
"Mizoram","Aizawl","2 July 2024","23.86222222","92.83666667"
"Mizoram","Aizawl","25 September 2024","23.87777778","92.84083333"
"Mizoram","Aizawl","28 September 2024","23.88583333","92.85055556"
"Mizoram","Aizawl","28 September 2024","23.89277778","92.85083333"
"Mizoram","Aizawl","2 July 2024","23.89138889","92.84888889"
"Mizoram","Aizawl","28 September 2024","23.89305556","92.84722222"
"Mizoram","Aizawl","17 August 2024","23.88361111","92.85305556"
"Mizoram","Aizawl","25 September 2024","23.88527778","92.8575"
"Mizoram","Aizawl","2 July 2024","23.76972222","92.76"
"Mizoram","Aizawl","28 September 2024","24.03503889","93.54139444"
"Mizoram","Aizawl","7 October 2024","24.05808333","93.49808333"
"Mizoram","Aizawl","7 October 2024","24.04531667","93.49220278"
"Mizoram","Aizawl","7 October 2024","24.090025","93.54191667"
"Mizoram","Aizawl","28 September 2024","24.10864167","93.54198333"
"Mizoram","Aizawl","28 September 2024","24.12682222","93.54013889"
"Mizoram","Aizawl","7 October 2024","24.12715278","93.53351389"
"Mizoram","Aizawl","2 July 2024","24.17180556","93.54406667"
"Mizoram","Aizawl","2 July 2024","24.18291667","93.53441944"
"Mizoram","Aizawl","2 July 2024","24.18566111","93.53935278"
"Mizoram","Aizawl","2 July 2024","24.24449722","93.55275833"
"Mizoram","Aizawl","2 July 2024","24.24755556","93.54809722"
"Mizoram","Aizawl","13 August 2024","24.28840278","93.58591389"
"Mizoram","Aizawl","13 August 2024","24.29982222","93.59040833"
"Mizoram","Aizawl","13 August 2024","24.30768611","93.58120556"
"Mizoram","Aizawl","13 August 2024","24.30711944","93.59375833"
"Mizoram","Aizawl","13 August 2024","24.33915833","93.66233611"
"Mizoram","Aizawl","13 August 2024","24.33331944","93.65702778"
"Mizoram","Aizawl","28 September 2024","24.33300556","93.65357222"
"Mizoram","Aizawl","13 August 2024","24.3309","93.66054444"
"Mizoram","Aizawl","2 July 2024","24.32773611","93.57937222"
"Mizoram","Aizawl","13 August 2024","24.39255556","93.65468611"
"Mizoram","Aizawl","13 August 2024","24.49112222","93.62215556"
"Mizoram","Aizawl","13 August 2024","24.48458889","93.58781944"
"Mizoram","Aizawl","28 September 2024","24.492825","93.58643611"
"Mizoram","Aizawl","13 August 2024","24.51785556","93.55086944"
"Mizoram","Aizawl","28 September 2024","24.52308611","93.57206944"
"Mizoram","Aizawl","28 September 2024","24.48338333","93.58848056"
"Mizoram","Kolasib","8 August 2024","24.450125","93.35963889"
"Mizoram","Kolasib","28 September 2024","24.48857222","93.36792222"
"Mizoram","Kolasib","18 August 2024","24.54263333","93.39741944"
"Mizoram","Kolasib","21 October 2024","24.60002222","93.37166389"
"Mizoram","Kolasib","21 October 2024","24.60067222","93.37223056"
"Mizoram","Kolasib","2 July 2024","24.60372222","93.37223056"
"Mizoram","Kolasib","2 July 2024","24.66895556","93.33700556"
"Mizoram","Kolasib","13 August 2024","24.76606111","93.30076667"
"Mizoram","Kolasib","18 August 2024","24.73838889","93.30909722"
"Mizoram","Kolasib","2 July 2024","24.72074444","93.30899167"
"Mizoram","Kolasib","18 August 2024","24.716225","93.32551389"
"Mizoram","Kolasib","28 September 2024","24.70553333","93.33064167"
"Mizoram","Kolasib","19 August 2024","24.60719444","93.46784722"
"Mizoram","Kolasib","18 August 2024","24.60853333","93.41668333"
"Mizoram","Aizawl","2 July 2024","23.09758333","93.21623333"
"Mizoram","Aizawl","28 June 2024","23.10851389","93.20975"
"Mizoram","Aizawl","28 May 2024","23.10172778","93.20231944"
"Mizoram","Aizawl","2 July 2024","23.101925","93.20426111"
"Mizoram","Aizawl","28 September 2024","23.10184722","93.20138889"
"Mizoram","Aizawl","2 July 2024","23.09759444","93.21089444"
"Mizoram","Aizawl","28 May 2024","23.09561111","93.20786389"
"Mizoram","Aizawl","2 July 2024","23.10100556","93.19393611"
"Mizoram","Aizawl","2 July 2024","23.10074722","93.18785278"
"Mizoram","Aizawl","2 July 2024","23.09954722","93.18600278"
"Mizoram","Aizawl","2 July 2024","23.0983","93.17597222"
"Mizoram","Aizawl","28 May 2024","23.110975","93.21260278"
"Mizoram","Aizawl","28 October 2024","23.25986389","93.16155278"
"Mizoram","Aizawl","28 November 2024","23.25828611","93.15288333"
"Mizoram","Aizawl","28 November 2024","23.26126111","93.15070556"
"Mizoram","Aizawl","28 September 2024","23.25951944","93.15917222"
"Mizoram","Aizawl","2 July 2024","23.27598056","93.14351667"
"Mizoram","Aizawl","2 July 2024","23.27663889","93.14375"
"Mizoram","Aizawl","2 July 2024","23.281075","93.144075"
"Mizoram","Aizawl","28 September 2024","23.32829167","93.12184167"
"Mizoram","Aizawl","2 July 2024","23.33529167","93.11214167"
"Mizoram","Kolasib","13 August 2024","23.41421944","93.10569167"
"Mizoram","Kolasib","2 July 2024","23.50882222","93.09170278"
"Mizoram","Kolasib","12 September 2024","23.54130278","93.10256944"
"Mizoram","Kolasib","12 September 2024","23.54600556","93.09247222"
"Mizoram","Kolasib","12 September 2024","23.54286944","93.08539722"
"Mizoram","Kolasib","22 October 2024","23.56332778","93.10553333"
"Mizoram","Kolasib","12 September 2024","23.56785","93.10472222"
"Mizoram","Kolasib","12 September 2024","23.56413333","93.11378889"
"Mizoram","Kolasib","12 September 2024","23.56233889","93.11890833"
"Mizoram","Kolasib","12 September 2024","23.56238611","93.12376667"
"Mizoram","Kolasib","12 September 2024","23.56404167","93.10752222"
"Mizoram","Kolasib","12 September 2024","23.56145278","93.10908889"
"Mizoram","Kolasib","12 September 2024","23.55881111","93.10900556"
"Mizoram","Kolasib","13 September 2024","23.5356","93.10656944"
"Mizoram","Aizawl","13 September 2024","23.34297778","93.057775"
"Mizoram","Aizawl","28 September 2024","23.35406111","93.04156111"
"Mizoram","Aizawl","28 September 2024","23.35958611","93.04477222"
"Mizoram","Kolasib","9 July 2024","23.36556111","93.05125278"
"Mizoram","Kolasib","9 July 2024","23.36966389","93.04609444"
"Mizoram","Kolasib","17 September 2024","23.03821667","93.12529444"
"Mizoram","Kolasib","24 September 2024","23.54294167","93.23821667"
"Mizoram","Kolasib","9 July 2024","24.55205833","93.25569167"
"Mizoram","Kolasib","24 August 2024","24.599425","93.30004722"
"Mizoram","Kolasib","24 September 2024","24.60921944","93.30050278"
"Mizoram","Kolasib","24 September 2024","24.64528611","93.28593611"
"Mizoram","Kolasib","24 September 2024","24.02205833","93.29369167"
"Mizoram","Kolasib","24 September 2024","23.01689167","93.283175"
"Mizoram","Kolasib","2 July 2024","24.02782222","93.28944444"
"Mizoram","Kolasib","2 July 2024","24.04014167","93.2915"
"Mizoram","Kolasib","2 July 2024","24.03980278","93.29373889"
"Mizoram","Kolasib","2 July 2024","24.05823611","93.28901944"
"Mizoram","Kolasib","24 September 2024","24.09210556","93.29866667"
"Mizoram","Kolasib","2 July 2024","24.12428889","93.318525"
"Mizoram","Kolasib","24 September 2024","24.297775","93.34159722"
"Mizoram","Kolasib","24 September 2024","24.35137778","93.34095556"
"Mizoram","Kolasib","15 August 2024","23.631219","93.118033"
"Mizoram","Kolasib","15 August 2024","23.62418333","93.14208611"
"Mizoram","Kolasib","9 July 2024","23.56672222","93.13764444"
"Mizoram","Kolasib","2 July 2024","24.04014167","93.2915"
"Mizoram","Kolasib","9 July 2024","24.56771111","93.14291667"
"Mizoram","Kolasib","9 July 2024","24.57467222","93.14389722"
"Mizoram","Kolasib","9 July 2024","24.57470833","93.13897222"
"Mizoram","Kolasib","2 July 2024","24.57151389","93.141725"
"Mizoram","Kolasib","2 July 2024","24.56917222","93.14073611"
"Mizoram","Kolasib","7 July 2024","24.5606","93.13071389"
"Mizoram","Kolasib","7 July 2024","24.55987778","93.12541667"
"Mizoram","Kolasib","28 September 2024","24.08927222","93.12408611"
"Mizoram","Kolasib","28 September 2024","24.10641389","93.12339944"
"Mizoram","Kolasib","7 July 2024","24.10710778","93.11535444"
"Mizoram","Kolasib","24 September 2024","24.10015917","93.10461389"
"Mizoram","Kolasib","24 September 2024","24.11104722","93.10374167"
"Mizoram","Kolasib","24 September 2024","24.10506389","93.09593611"
"Mizoram","Kolasib","24 September 2024","24.10743611","93.09532222"
"Mizoram","Kolasib","24 September 2024","24.10687222","93.08849722"
"Mizoram","Aizawl","17 July 2024","23.24231111","93.17726667"
"Mizoram","Aizawl","24 September 2024","23.24500833","93.17587222"
"Mizoram","Aizawl","19 July 2024","23.24454722","93.17027222"
"Mizoram","Aizawl","2 July 2024","23.20960722","93.13104722"
"Mizoram","Aizawl","2 July 2024","23.21068583","93.1212325"
"Mizoram","Kolasib","17 July 2024","23.49216111","93.23695"
"Mizoram","Kolasib","17 July 2024","23.504575","93.23805"
"Mizoram","Kolasib","7 June 2024","24.15364444","93.02183611"
"Mizoram","Kolasib","28 September 2024","24.15817222","93.02488611"
"Mizoram","Kolasib","28 September 2024","24.23419444","93.02469167"
"Mizoram","Kolasib","28 September 2024","24.32836667","93.00923056"
"Mizoram","Kolasib","9 July 2024","24.40520278","93.06672222"
"Mizoram","Kolasib","28 May 2024","24.4259","93.13580556"
"Mizoram","Kolasib","7 July 2024","24.44347778","93.15817778"
"Mizoram","Kolasib","7 July 2024","24.44857778","93.15738611"
"Mizoram","Kolasib","17 July 2024","24.65409167","93.204625"
"Mizoram","Kolasib","17 July 2024","24.65018056","93.20256667"
"Mizoram","Kolasib","17 July 2024","24.6273","93.20404444"
"Mizoram","Kolasib","12 June 2024","24.62604722","93.22583889"
"Mizoram","Kolasib","24 September 2024","24.58605","93.21056389"
"Mizoram","Kolasib","22 October 2024","24.577475","93.19105"
"Mizoram","Kolasib","7 July 2024","24.56062778","93.18938889"
"Mizoram","Kolasib","12 June 2024","24.5716","93.17273056"
"Mizoram","Kolasib","28 May 2024","24.56925833","93.177275"
"Mizoram","Kolasib","7 July 2024","24.57296389","93.17700556"
"Mizoram","Kolasib","12 June 2024","24.5768","93.106075"
"Mizoram","Kolasib","28 May 2024","24.526075","93.05379167"
"Mizoram","Kolasib","24 September 2024","24.458325","93.09439167"
"Mizoram","Aizawl","28 May 2024","23.57722222","92.71222222"
"Mizoram","Aizawl","29 May 2025","23.6868033","92.7251987"
"Mizoram","Aizawl","13 May 2025","23.7002691","92.7181685"
"Mizoram","Aizawl","01 June 2025","23.75024","92.736662"
"Mizoram","Aizawl","24 May 2025","23.755925","92.726753"
"Mizoram","Aizawl","01 June 2025","23.745802","92.717053"
"Mizoram","Aizawl","01 June 2025","23.469247","92.744068"
"Mizoram","Aizawl","28 May 2024","23.410771","92.753123"
"Mizoram","Aizawl","01 June 2025","23.367366","92.767304"
"Mizoram","Aizawl","31 May 2025","23.353485","92.780193"
"Mizoram","Aizawl","30 May 2025","23.350187","92.778852"
"Mizoram","Aizawl","30 May 2025","23.341022","92.776761"
"Mizoram","Aizawl","30 May 2025","23.339144","92.786128"
"Mizoram","Aizawl","30 May 2025","23.336229","92.787113"
"Mizoram","Aizawl","01 June 2025","23.313871","92.792739"
"Mizoram","Serchhip","31 May 2025","23.315355","92.790619"
"Mizoram","Serchhip","31 May 2025","23.316491","92.788798"
"Mizoram","Serchhip","30 May 2025","23.239637","92.748175"
"Mizoram","Serchhip","31 May 2025","23.239077","92.745631"
"Mizoram","Serchhip","01 June 2025","23.239137","92.744468"
"Mizoram","Serchhip","31 May 2025","23.239797","92.744214"
"Mizoram","Serchhip","31 May 2025","23.238785","92.744224"
"Mizoram","Lunglei","31 May 2025","23.214239","92.740856"
"Mizoram","Lunglei","31 May 2025","23.203253","92.735838"
"Mizoram","Lunglei","01 June 2025","23.200475","92.735007"
"Mizoram","Lunglei","01 June 2025","23.195661","92.73562"
"Mizoram","Lunglei","30 May 2025","23.194007","92.734654"
"Mizoram","Lunglei","30 May 2025","23.193468","92.734849"
"Mizoram","Lunglei","30 May 2025","23.183856","92.735346"
"Mizoram","Lunglei","31 May 2025","23.18077","92.735789"
"Mizoram","Lunglei","31 May 2025","23.173606","92.739793"
"Mizoram","Lunglei","31 May 2025","23.150939","92.748258"
"Mizoram","Lunglei","31 May 2025","23.140846","92.751229"
"Mizoram","Lunglei","31 May 2025","23.1351","92.748694"
"Mizoram","Lunglei","31 May 2025","23.134009","92.746247"
"Mizoram","Lunglei","31 May 2025","23.132082","92.746268"
"Mizoram","Lunglei","01 June 2025","23.114694","92.743931"
"Mizoram","Lunglei","31 May 2025","23.114225","92.746024"
"Mizoram","Lunglei","31 May 2025","23.111824","92.745097"
"Mizoram","Lunglei","30 May 2025","23.015005","92.765065"
"Mizoram","Lunglei","31 May 2025","23.022804","92.755698"
"Mizoram","Lunglei","30 May 2025","22.973735","92.725975"
"Mizoram","Lawngtlai","31 May 2025","22.519716","92.891037"
"Mizoram","Lawngtlai","31 May 2025","22.48765","92.886806"
"Mizoram","Siaha","31 May 2025","22.404215","92.951647"
"Mizoram","Siaha","30 May 2025","22.444376","92.947323"
"Mizoram","Siaha","31 May 2025","22.491822","92.970252"
"Mizoram","Siaha","31 May 2025","22.491","92.97076"
"Mizoram","Siaha","01 June 2025","22.469737","93.100868"
"Mizoram","Siaha","31 May 2025","22.437107","92.946912"
"Mizoram","Lawngtlai","31 May 2025","22.54735","92.882032"
"Mizoram","Lunglei","31 May 2025","22.641087","92.867635"
"Mizoram","Lunglei","31 May 2025","22.660692","92.855602"
"Mizoram","Lunglei","31 May 2025","22.688472","92.842907"
"Mizoram","Lunglei","31 May 2025","22.702165","92.836523"
"Mizoram","Lunglei","31 May 2025","22.706999","92.841597"
"Mizoram","Lunglei","31 May 2025","22.745387","92.841543"
"Mizoram","Lunglei","31 May 2025","22.788323","92.833817"
"Mizoram","Lunglei","31 May 2025","22.793307","92.819831"
"Mizoram","Lunglei","01 June 2025","22.866131","92.772713"
"Mizoram","Lunglei","01 June 2025","22.903567","92.758702"
"Mizoram","Lunglei","01 June 2025","22.903454","92.760096"
"Mizoram","Lunglei","01 June 2025","22.904615","92.75705"
"Mizoram","Lunglei","01 June 2025","22.922528","92.752404"
"Mizoram","Lunglei","02 June 2025","22.895235","92.747812"
"Mizoram","Lunglei","01 June 2025","22.88042","92.821692"
"Mizoram","Lunglei","31 May 2025","22.892426","92.822937"
"Mizoram","Hnahthial","31 May 2025","22.902089","92.879909"
"Mizoram","Hnahthial","31 May 2025","22.967715","92.925677"
"Mizoram","Hnahthial","31 May 2025","22.971217","92.925544"
"Mizoram","Hnahthial","31 May 2025","22.969582","92.925917"
"Mizoram","Hnahthial","31 May 2025","23.077813","92.89844"
"Mizoram","Hnahthial","31 May 2025","23.081023","92.897247"
"Mizoram","Hnahthial","31 May 2025","23.084343","92.898597"
"Mizoram","Hnahthial","01 June 2025","23.170678","92.899334"
"Mizoram","Serchhip","01 June 2025","23.180345","92.900082"
"Mizoram","Serchhip","01 June 2025","23.187383","92.89826"
"Mizoram","Serchhip","31 May 2025","23.188273","92.898879"
"Mizoram","Serchhip","29 May 2025","23.193401","92.900218"
"Mizoram","Serchhip","31 May 2025","23.198119","92.899566"
"Mizoram","Serchhip","31 May 2025","23.223594","92.914767"
"Mizoram","Serchhip","31 May 2025","23.225227","92.912496"
"Mizoram","Serchhip","31 May 2025","23.322039","92.859147"
"Mizoram","Serchhip","31 May 2025","23.319156","92.857722"
"Mizoram","Serchhip","31 May 2025","23.317543","92.858683"
"Mizoram","Serchhip","31 May 2025","23.318568","92.852294"
"Mizoram","Serchhip","31 May 2025","23.323423","92.860926"
"Mizoram","Serchhip","31 May 2025","23.319412","92.855415"
"Mizoram","Serchhip","31 May 2025","23.319184","92.856725"
"Mizoram","Serchhip","31 May 2025","23.309286","92.850807"
"Mizoram","Serchhip","31 May 2025","23.10112","92.852784"
"Mizoram","Serchhip","31 May 2025","23.309914","92.853522"
"Mizoram","Serchhip","31 May 2025","23.315273","92.856524"
"Mizoram","Serchhip","31 May 2025","23.311529","92.85443"
"Mizoram","Serchhip","31 May 2025","23.31637","92.854172"
"Mizoram","Serchhip","31 May 2025","23.310074","92.858498"
"Mizoram","Serchhip","31 May 2025","23.309295","92.860017"
"Mizoram","Serchhip","31 May 2025","23.308629","92.860039"
"Mizoram","Serchhip","31 May 2025","23.308778","92.858357"
"Mizoram","Serchhip","31 May 2025","23.300837","92.855693"
"Mizoram","Serchhip","31 May 2025","23.300787","92.853572"
"Mizoram","Serchhip","31 May 2025","23.305323","92.852358"
"Mizoram","Serchhip","08 June 2025","23.304746","92.862109"
"Mizoram","Serchhip","31 May 2025","23.298928","92.857435"
"Mizoram","Serchhip","31 May 2025","23.310846","92.858915"
"Mizoram","Serchhip","31 May 2025","23.311335","92.858026"
"Mizoram","Serchhip","31 May 2025","23.3057","92.852802"
"Mizoram","Serchhip","01 June 2025","23.307093","92.856289"
"Mizoram","Serchhip","01 June 2025","23.305939","92.857538"
"Mizoram","Serchhip","01 June 2025","23.303906","92.853173"
"Mizoram","Serchhip","31 May 2025","23.301381","92.853078"
"Mizoram","Serchhip","31 May 2025","23.299628","92.855609"
"Mizoram","Serchhip","29 May 2025","23.298137","92.857412"
"Mizoram","Serchhip","30 May 2025","23.293453","92.858089"
"Mizoram","Serchhip","31 May 2025","23.298166","92.858694"
"Mizoram","Serchhip","01 June 2025","23.346456","92.851511"
"Mizoram","Serchhip","01 June 2025","23.3466","92.854847"
"Mizoram","Serchhip","31 May 2025","23.301587","92.868485"
"Mizoram","Serchhip","31 May 2025","23.313996","92.863984"
"Mizoram","Serchhip","31 May 2025","23.3228","92.862406"
"Mizoram","Serchhip","31 May 2025","23.286141","92.868152"
"Mizoram","Serchhip","31 May 2025","23.281219","92.869608"
"Mizoram","Serchhip","31 May 2025","23.274148","92.871011"
"Mizoram","Serchhip","31 May 2025","23.272548","92.874296"
"Mizoram","Serchhip","01 June 2025","23.271227","92.874544"
"Mizoram","Serchhip","01 June 2025","23.270548","92.877577"
"Mizoram","Serchhip","01 June 2025","23.67701","92.87895"
"Mizoram","Serchhip","31 May 2025","23.243855","92.905242"
"Mizoram","Serchhip","31 May 2025","23.286735","92.85703"
"Mizoram","Serchhip","31 May 2025","23.284565","92.857096"
"Mizoram","Serchhip","01 June 2025","23.281443","92.840145"
"Mizoram","Serchhip","01 June 2025","23.280947","92.8367"
"Mizoram","Serchhip","31 May 2025","23.288276","92.830821"
"Mizoram","Serchhip","31 May 2025","23.307135","92.707624"
"Mizoram","Serchhip","31 May 2025","23.306409","92.706083"
"Mizoram","Serchhip","31 May 2025","23.306012","92.704212"
"Mizoram","Serchhip","01 June 2025","23.300291","92.69577"
"Mizoram","Serchhip","01 June 2025","23.299806","92.694901"
"Mizoram","Serchhip","01 June 2025","23.299312","92.692614"
"Mizoram","Lunglei","01 June 2025","23.297521","92.689449"
"Mizoram","Lunglei","01 June 2025","23.30374","92.672816"
"Mizoram","Lunglei","01 June 2025","23.304123","92.671521"
"Mizoram","Lunglei","01 June 2025","23.306105","92.671296"
"Mizoram","Lunglei","01 June 2025","23.306338","92.666573"
"Mizoram","Lunglei","01 June 2025","23.32044","92.643229"
"Mizoram","Lunglei","01 June 2025","23.301901","92.649401"
"Mizoram","Lunglei","01 June 2025","23.246611","92.655112"
"Mizoram","Lunglei","01 June 2025","23.2388","92.636923"
"Mizoram","Lunglei","01 June 2025","23.234538","92.637234"
"Mizoram","Lunglei","01 June 2025","23.206413","92.632701"
"Mizoram","Lunglei","01 June 2025","23.197283","92.632661"
"Mizoram","Lunglei","01 June 2025","23.174558","92.612556"
"Mizoram","Lunglei","01 June 2025","23.1739","92.611378"
"Mizoram","Lunglei","01 June 2025","23.173258","92.611929"
"Mizoram","Lunglei","01 June 2025","23.17252","92.611434"
"Mizoram","Lunglei","01 June 2025","23.172659","92.611828"
"Mizoram","Lunglei","01 June 2025","23.198272","92.589291"
"Mizoram","Lunglei","01 June 2025","23.198961","92.590043"
"Mizoram","Lunglei","01 June 2025","23.199095","92.586671"
"Mizoram","Lunglei","01 June 2025","23.199415","92.585883"
"Mizoram","Lunglei","01 June 2025","23.200105","92.584517"
"Mizoram","Lunglei","01 June 2025","23.200655","92.5813"
"Mizoram","Lunglei","01 June 2025","23.201843","92.579666"
"Mizoram","Lunglei","01 June 2025","23.202247","92.57903"
"Mizoram","Lunglei","01 June 2025","23.203107","92.577972"
"Mizoram","Lunglei","01 June 2025","23.203903","92.576807"
"Mizoram","Lunglei","01 June 2025","23.204282","92.576174"
"Mizoram","Lunglei","01 June 2025","23.204481","92.575792"
"Mizoram","Lunglei","01 June 2025","23.205193","92.574684"
"Mizoram","Lunglei","01 June 2025","23.214589","92.572672"
"Mizoram","Lunglei","01 June 2025","23.212919","92.558022"
"Mizoram","Lunglei","01 June 2025","23.207082","92.509726"
"Mizoram","Lunglei","01 June 2025","23.195616","92.546251"
"Mizoram","Lunglei","01 June 2025","23.19796","92.543304"
"Mizoram","Lunglei","01 June 2025","23.190022","92.554302"
"Mizoram","Lunglei","01 June 2025","23.21035","92.539589"
"Mizoram","Lunglei","01 June 2025","23.208921","92.541174"
"Mizoram","Lunglei","01 June 2025","23.208823","92.53749"
"Mizoram","Lunglei","01 June 2025","23.206239","92.491221"
"Mizoram","Lunglei","01 June 2025","23.20549","92.543278"
"Mizoram","Lunglei","01 June 2025","23.219631","92.563324"
"Mizoram","Lunglei","01 June 2025","23.204981","92.534603"
"Mizoram","Lunglei","01 June 2025","23.206253","92.533605"
"Mizoram","Lunglei","01 June 2025","23.209857","92.500587"
"Mizoram","Lunglei","01 June 2025","23.206239","92.491221"
"Mizoram","Lunglei","01 June 2025","23.199961","92.488796"
"Mizoram","Lunglei","01 June 2025","23.17824","92.491031"
"Mizoram","Lunglei","01 June 2025","23.180969","92.488193"
"Mizoram","Lunglei","01 June 2025","23.180354","92.486971"
"Mizoram","Lunglei","01 June 2025","23.182466","92.487731"
"Mizoram","Lunglei","01 June 2025","23.204706","92.533825"
"Mizoram","Lunglei","01 June 2025","23.251004","92.63667"
"Mizoram","Serchhip","01 June 2025","23.234898","92.911307"
"Mizoram","Serchhip","01 June 2025","23.225619","92.924909"
"Mizoram","Serchhip","01 June 2025","23.223807","92.944448"
"Mizoram","Serchhip","01 June 2025","23.21795","92.998007"
"Mizoram","Serchhip","01 June 2025","23.217324","92.99812"
"Mizoram","Serchhip","01 June 2025","23.19917","93.000199"
"Mizoram","Serchhip","31 May 2025","23.1915","93.011024"
"Mizoram","Serchhip","31 May 2025","23.183361","93.066742"
"Mizoram","Khawzawl","31 May 2025","23.229765","93.127521"
"Mizoram","Khawzawl","01 June 2025","23.2066","93.148665"
"Mizoram","Khawzawl","31 May 2025","23.197704","93.163019"
"Mizoram","Champhai","01 June 2025","23.198136","93.166988"
"Mizoram","Champhai","01 June 2025","23.177311","93.198157"
"Mizoram","Khawzawl","01 June 2025","23.14788","93.323791"
"Mizoram","Khawzawl","12 June 2025","23.486306","93.220639"
"Mizoram","Khawzawl","14 June 2025","23.544052","93.155591"
"Mizoram","Khawzawl","14 June 2025","23.545766","93.147931"
"Mizoram","Khawzawl","14 June 2025","23.5266","93.192968"
"Mizoram","Saitual","15 June 2025","23.667553","92.89259"
"Mizoram","Aizawl","15 June 2025","23.700835","92.877449"
"Mizoram","Aizawl","31 May 2025","23.760466","92.848969"
"Mizoram","Aizawl","01 June 2025","23.807952","92.834037"
"Mizoram","Aizawl","14 June 2025","24.285871","92.94599"
"Mizoram","Aizawl","14 June 2025","24.288014","92.946017"
"Mizoram","Aizawl","29 May 2025","24.354658","92.925511"
"Mizoram","Aizawl","01 June 2025","24.365715","92.930137"
"Mizoram","Aizawl","15 June 2025","23.747519","92.853155"
"Mizoram","Aizawl","28 April 2018","24.80375556","92.733375"
"Mizoram","Aizawl","2 February 2020","24.73197222","92.75988889"
"Mizoram","Aizawl","04 June 2023","23.74150833","92.70785833"
"Mizoram","Aizawl","17 September 2016","23.60830556","92.85058333"
"Mizoram","Aizawl","13 September 2025","23.4807","92.7025"
"Mizoram","Aizawl","02 July 2024","23.4855","92.7033"
"Mizoram","Aizawl","13 Septemebr 2025","23.4912","92.7055"
"Mizoram","Aizawl","25 August 2024","23.4946","92.7044"
"Mizoram","Serchhip","02 June 2025","23.239287","92.74818"
"Mizoram","Serchhip","05 June 2025","23.237356","92.744978"
"Mizoram","Lunglei","02 June 2025","23.230114","92.740067"
"Mizoram","Lunglei","24 May 2025","23.229731","92.73968"
"Mizoram","Lunglei","02 June 2025","23.226843","92.740266"
"Mizoram","Lunglei","06 June 2025","23.225357","92.74039"
"Mizoram","Lunglei","3 June 2025","23.204595","92.73861"
"Mizoram","Lunglei","02 June 2025","23.201335","92.734857"
"Mizoram","Lunglei","02 June 2025","23.201614","92.734453"
"Mizoram","Lunglei","02 June 2025","23.201759","92.734328"
"Mizoram","Lunglei","02 June 2025","23.199924","92.73481"
"Mizoram","Lunglei","15 June 2025","23.197825","92.73502"
"Mizoram","Lunglei","02 June 2025","23.193237","92.734819"
"Mizoram","Lunglei","06 June 2025","23.191775","92.734778"
"Mizoram","Lunglei","02 June 2025","23.191747","92.73459"
"Mizoram","Lunglei","02 June 2025","23.188245","92.734327"
"Mizoram","Lunglei","02 June 2025","23.18675","92.735178"
"Mizoram","Lunglei","13 September 2025","23.186501","92.735632"
"Mizoram","Lunglei","13 September 2025","23.186296","92.7356"
"Mizoram","Lunglei","13 September 2025","23.186133","92.735682"
"Mizoram","Lunglei","01 June 2025","23.184091","92.738895"
"Mizoram","Lunglei","13 September 2025","23.174341","92.740855"
"Mizoram","Lunglei","30 May 2025","23.152289","92.746243"
"Mizoram","Lunglei","13 September 2025","23.147798","92.749742"
"Mizoram","Lunglei","06 June 2025","23.144687","92.750609"
"Mizoram","Lunglei","29 May 2025","23.141474","92.750577"
"Mizoram","Lunglei","10 Septemebr 2025","23.141077","92.75109"
"Mizoram","Lunglei","30 May 2025","23.139887","92.751646"
"Mizoram","Lunglei","13 Septemebr 2025","23.136964","92.74724"
"Mizoram","Lunglei","13 September 2025","23.131999","92.744413"
"Mizoram","Lunglei","01 June 2025","23.11239","92.745417"
"Mizoram","Lunglei","02 June 2025","23.113126","92.74564"
"Mizoram","Lunglei","30 May 2025","23.108018","92.746279"
"Mizoram","Lunglei","30 May 2025","23.10565","92.745979"
"Mizoram","Lunglei","30 May 2025","23.100785","92.751508"
"Mizoram","Lunglei","06 June 2025","23.099615","92.752199"
"Mizoram","Lunglei","13 September 2025","23.092076","92.752286"
"Mizoram","Lunglei","01 June 2025","23.074255","92.76222"
"Mizoram","Lunglei","31 May 2025","23.069585","92.765797"
"Mizoram","Lunglei","30 May 2025","23.067473","92.767201"
"Mizoram","Lunglei","13 Septemebr 2025","23.06533","92.768329"
"Mizoram","Lunglei","15 June 2025","23.063838","92.769004"
"Mizoram","Lunglei","30 May 2025","23.061745","92.770105"
"Nagaland","Kohima","02 August 2008","25.66083","94.10278"
"Nagaland","Kohima","12 August 2007","25.66667","94.10972"
"Nagaland","Kohima","16 August 2008","25.66917","94.10722"
"Nagaland","Kohima","03 July 2013","25.71611","94.08883"
"Nagaland","Dimapur","16 July 2013","25.76939","93.80278"
"Nagaland","Dimapur","16 July 2013","25.78417","93.80028"
"Nagaland","Tuensang","04 June 2009","26.36083","94.84"
"Nagaland","Tuensang","20 June 2009","26.37639","94.84056"
"Nagaland","Tuensang","27 July 2009","26.38778","94.82583"
"Nagaland","Tuensang","20 August 2009","26.38778","94.82583"
"Nagaland","Mon","17 August 2023","26.39936","94.94553"
"Nagaland","Mon","18 August 2013","26.41931","94.97369"
"Nagaland","Kohima","06 July 2024","25.6125","94.1272"
"Nagaland","Chumoukedima","03 September 2024","25.7853","93.8014"
"Nagaland","Wokha","23 July 2024","26.08945","94.264217"
"Nagaland","Kohima","25 September 2022","25.7491204","94.0804548"
"Nagaland","Kohima","15 October 2022","25.770055","93.937873"
"Nagaland","Kohima","30 September 2022","25.771451","93.907041"
"Nagaland","Kohima","12 November 2022","25.770064","93.937891"
"Nagaland","Kohima","08 September 2023","25.76618333","93.94043611"
"Nagaland","Kohima","02 October 2023","25.66754722","94.08075278"
"Nagaland","Kohima","23 August 2018","25.85442778","94.15844444"
"Nagaland","Kohima","23 August 2018","25.857991","94.159346"
"Nagaland","Kohima","01 June 2024","25.52036","94.1311201"
"Nagaland","Kohima","01 June 2024","25.52164","94.13426"
"Nagaland","Kohima","01 June 2024","25.538422","94.136039"
"Nagaland","Kohima","01 June 2024","25.5651","94.1390034"
"Nagaland","Kohima","01 June 2024","25.6032619","94.1122188"
"Nagaland","Kohima","01 June 2024","25.62154","94.1122"
"Nagaland","Kohima","01 June 2024","25.6291966","94.10177"
"Nagaland","Kohima","01 June 2024","25.6387","94.10979"
"Nagaland","Kohima","01 June 2024","25.648759","94.10616"
"Nagaland","Mokokchung","08 July 2025","26.45278","94.37526"
"Nagaland","Mokokchung","07 July 2025","26.423137","94.382261"
"Nagaland","Mokokchung","07 July 2025","26.42186","94.3852"
"Nagaland","Mokokchung","07 July 2025","26.425346","94.387013"
"Nagaland","Mokokchung","29 July 2025","26.383648","94.440751"
"Nagaland","Mokokchung","01 July 2024","26.384347","94.443397"
"Nagaland","Mokokchung","01 August 2025","26.387181","94.444132"
"Nagaland","Mokokchung","07 July 2025","26.379798","94.450751"
"Nagaland","Tseminyu","19 January 2025","25.88165","94.19023"
"Sikkim","East Sikkim","26 August 2014","27.23772","88.51384"
"Sikkim","East Sikkim","28 August 2013","27.28408","88.54611"
"Sikkim","North Sikkim","24 June 2014","27.4097","88.54371"
"Sikkim","North Sikkim","8 July 2014","27.48603","88.53269"
"Sikkim","North Sikkim","1 July 2014","27.5091","88.53848"
"Sikkim","East Sikkim","8 July 2015","27.179","88.53313889"
"Sikkim","North Sikkim","18 June 2021","27.61936111","88.66131389"
"Sikkim","East Sikkim","18 May 2021","27.32888889","88.60777778"
"Sikkim","East Sikkim","27 August 2021","27.28577778","88.5535"
"Sikkim","Soreng","20 November 2022","27.14871944","88.28128889"
"Sikkim","East Sikkim","29 May 2022","27.37211111","88.61671944"
"Sikkim","Pakyong","10 October 2022","27.24883333","88.60191667"
"Sikkim","Pakyong","25 August 2022","27.21391667","88.60833333"
"Sikkim","East Sikkim","15 June 2022","27.24297222","88.47055556"
"Sikkim","Mangan","4 October 2023","27.40251944","88.51868056"
"Sikkim","Gangtok District","21 August 2024","27.2525","88.4606"
"Sikkim","Mangan","21 July 2024","27.4432","88.6087"
"Sikkim","Gyalshing","11 September 2025","27.327977","88.152281"
"Sikkim","Gangtok District","19 July 2025","27.372611","88.541022"
"Sikkim","North Sikkim","26 June 2012","27.59027778","88.65394444"
"Sikkim","North Sikkim","22 June 2012","27.57502778","88.65402778"
"Sikkim","North Sikkim","22 June 2012","27.56111111","88.65452778"
"Sikkim","North Sikkim","22 June 2012","27.52838889","88.59972222"
"Sikkim","North Sikkim","22 June 2012","27.56941667","88.65272222"
"Sikkim","North Sikkim","17 July 2012","27.51491667","88.56313889"
"Tripura","West Tripura","10 July 2009","23.85417","91.34361"
"Tripura","West Tripura","18 May 2018","24.003417","91.45425"
